{
    "sigma_f": 1.5512657165527344,
    "lengthscale": [
        [
            0.2564849257469177,
            0.12764623761177063,
            0.11983180046081543,
            1.097902536392212
        ]
    ],
    "sigma_n": 0.024830859154462814
}