{
    "sigma_f": 0.5481785535812378,
    "lengthscale": [
        [
            2.8831987380981445,
            2.8244550228118896,
            0.2919129729270935
        ]
    ],
    "sigma_n": 0.026085015386343002
}