{
    "sigma_f": 0.06558043509721756,
    "lengthscale": [
        [
            2.721769094467163,
            1.3834995031356812
        ]
    ],
    "sigma_n": 0.02934286743402481
}