{
    "sigma_f": 0.07390271872282028,
    "lengthscale": [
        [
            2.643507242202759,
            2.527116060256958,
            1.94437837600708
        ]
    ],
    "sigma_n": 0.022873854264616966
}