{
    "sigma_f": 0.05384669080376625,
    "lengthscale": [
        [
            2.5095510482788086,
            2.435242176055908,
            1.9792934656143188
        ]
    ],
    "sigma_n": 0.02288016863167286
}