{
    "sigma_f": 0.07849345356225967,
    "lengthscale": [
        [
            2.3483870029449463,
            2.0636324882507324,
            1.969908356666565
        ]
    ],
    "sigma_n": 0.026333583518862724
}