{
    "sigma_f": 0.04921673238277435,
    "lengthscale": [
        [
            2.466318130493164,
            2.3320565223693848,
            2.420689344406128
        ]
    ],
    "sigma_n": 0.023124689236283302
}