{
    "sigma_f": 0.0990699902176857,
    "lengthscale": [
        [
            1.776907205581665,
            2.5373213291168213,
            1.3687313795089722
        ]
    ],
    "sigma_n": 0.02283749356865883
}