{
    "sigma_f": 0.2429848611354828,
    "lengthscale": [
        [
            2.757033348083496,
            2.5886900424957275,
            1.4509021043777466
        ]
    ],
    "sigma_n": 0.022796403616666794
}