{
    "sigma_f": 0.09850539267063141,
    "lengthscale": [
        [
            1.7486904859542847,
            2.541853904724121,
            1.3965165615081787
        ]
    ],
    "sigma_n": 0.02284073457121849
}