{
    "sigma_f": 0.04931088164448738,
    "lengthscale": [
        [
            2.3987302780151367,
            2.4066336154937744,
            2.3667426109313965
        ]
    ],
    "sigma_n": 0.0231243297457695
}