{
    "sigma_f": 0.6958579421043396,
    "lengthscale": [
        [
            1.4216961860656738,
            2.0998330116271973,
            2.0012755393981934
        ]
    ],
    "sigma_n": 0.02313571237027645
}