{
    "sigma_f": 0.08653024584054947,
    "lengthscale": [
        [
            2.1182265281677246,
            1.1851667165756226,
            2.612708568572998
        ]
    ],
    "sigma_n": 0.02297922782599926
}