{
    "sigma_f": 3.8082783222198486,
    "lengthscale": [
        [
            0.6569836139678955,
            0.5394710302352905,
            0.6506317257881165,
            0.04700653627514839
        ]
    ],
    "sigma_n": 0.14521047472953796
}