{
    "sigma_f": 0.23869308829307556,
    "lengthscale": [
        [
            2.5992705821990967,
            0.7726845145225525,
            2.8382608890533447
        ]
    ],
    "sigma_n": 0.0229220911860466
}